
{
  "header": {
    "reportVersion": 1,
    "event": "Allocation failed - JavaScript heap out of memory",
    "trigger": "FatalError",
    "filename": "report.20201210.084209.5260.0.001.json",
    "dumpEventTime": "2020-12-10T08:42:09Z",
    "dumpEventTimeStamp": "1607586129245",
    "processId": 5260,
    "cwd": "C:\\Users\\user\\Desktop\\AngularProjects\\auctionFX",
    "commandLine": [
      "node",
      "C:\\Users\\user\\AppData\\Roaming\\npm\\\\node_modules\\@angular\\cli\\bin\\ng",
      "serve",
      "--open"
    ],
    "nodejsVersion": "v12.16.1",
    "wordSize": 64,
    "arch": "x64",
    "platform": "win32",
    "componentVersions": {
      "node": "12.16.1",
      "v8": "7.8.279.23-node.31",
      "uv": "1.34.0",
      "zlib": "1.2.11",
      "brotli": "1.0.7",
      "ares": "1.15.0",
      "modules": "72",
      "nghttp2": "1.40.0",
      "napi": "5",
      "llhttp": "2.0.4",
      "http_parser": "2.9.3",
      "openssl": "1.1.1d",
      "cldr": "35.1",
      "icu": "64.2",
      "tz": "2019c",
      "unicode": "12.1"
    },
    "release": {
      "name": "node",
      "lts": "Erbium",
      "headersUrl": "https://nodejs.org/download/release/v12.16.1/node-v12.16.1-headers.tar.gz",
      "sourceUrl": "https://nodejs.org/download/release/v12.16.1/node-v12.16.1.tar.gz",
      "libUrl": "https://nodejs.org/download/release/v12.16.1/win-x64/node.lib"
    },
    "osName": "Windows_NT",
    "osRelease": "6.3.9600",
    "osVersion": "Windows 8.1",
    "osMachine": "x86_64",
    "cpus": [
      {
        "model": "Intel(R) Core(TM) i5-6200U CPU @ 2.30GHz",
        "speed": 2400,
        "user": 2579250,
        "nice": 0,
        "sys": 879250,
        "idle": 6993281,
        "irq": 52781
      },
      {
        "model": "Intel(R) Core(TM) i5-6200U CPU @ 2.30GHz",
        "speed": 2400,
        "user": 2496062,
        "nice": 0,
        "sys": 875406,
        "idle": 7080109,
        "irq": 136687
      },
      {
        "model": "Intel(R) Core(TM) i5-6200U CPU @ 2.30GHz",
        "speed": 2400,
        "user": 2677687,
        "nice": 0,
        "sys": 719812,
        "idle": 7054078,
        "irq": 16593
      },
      {
        "model": "Intel(R) Core(TM) i5-6200U CPU @ 2.30GHz",
        "speed": 2400,
        "user": 2633812,
        "nice": 0,
        "sys": 655015,
        "idle": 7162750,
        "irq": 14671
      }
    ],
    "networkInterfaces": [
      {
        "name": "Wi-Fi",
        "internal": false,
        "mac": "44:85:00:6d:f2:09",
        "address": "fe80::74ee:8d00:9cf4:4ec2",
        "netmask": "ffff:ffff:ffff:ffff::",
        "family": "IPv6",
        "scopeid": 6
      },
      {
        "name": "Wi-Fi",
        "internal": false,
        "mac": "44:85:00:6d:f2:09",
        "address": "192.168.8.100",
        "netmask": "255.255.255.0",
        "family": "IPv4"
      },
      {
        "name": "Loopback Pseudo-Interface 1",
        "internal": true,
        "mac": "00:00:00:00:00:00",
        "address": "::1",
        "netmask": "ffff:ffff:ffff:ffff:ffff:ffff:ffff:ffff",
        "family": "IPv6",
        "scopeid": 0
      },
      {
        "name": "Loopback Pseudo-Interface 1",
        "internal": true,
        "mac": "00:00:00:00:00:00",
        "address": "127.0.0.1",
        "netmask": "255.0.0.0",
        "family": "IPv4"
      }
    ],
    "host": "OZITECH2"
  },
  "javascriptStack": {
    "message": "No stack.",
    "stack": [
      "Unavailable."
    ]
  },
  "nativeStack": [
    {
      "pc": "0x00007ff6fa2119f9",
      "symbol": "std::basic_ostream<char,std::char_traits<char> >::operator<<+10873"
    },
    {
      "pc": "0x00007ff6fa215e1c",
      "symbol": "std::basic_ostream<char,std::char_traits<char> >::operator<<+28316"
    },
    {
      "pc": "0x00007ff6fa214dd8",
      "symbol": "std::basic_ostream<char,std::char_traits<char> >::operator<<+24152"
    },
    {
      "pc": "0x00007ff6fa3134cb",
      "symbol": "v8::base::CPU::has_sse+38363"
    },
    {
      "pc": "0x00007ff6fab29f4e",
      "symbol": "v8::Isolate::ReportExternalAllocationLimitReached+94"
    },
    {
      "pc": "0x00007ff6fab12021",
      "symbol": "v8::SharedArrayBuffer::Externalize+833"
    },
    {
      "pc": "0x00007ff6fa9de57c",
      "symbol": "v8::internal::Heap::EphemeronKeyWriteBarrierFromCode+1436"
    },
    {
      "pc": "0x00007ff6fa9e97d0",
      "symbol": "v8::internal::Heap::ProtectUnprotectedMemoryChunks+1312"
    },
    {
      "pc": "0x00007ff6fa9e62f4",
      "symbol": "v8::internal::Heap::PageFlagsAreConsistent+3204"
    },
    {
      "pc": "0x00007ff6fa9dbb13",
      "symbol": "v8::internal::Heap::CollectGarbage+1283"
    },
    {
      "pc": "0x00007ff6fa9da184",
      "symbol": "v8::internal::Heap::AddRetainedMap+2452"
    },
    {
      "pc": "0x00007ff6fa9fb36d",
      "symbol": "v8::internal::Factory::NewFillerObject+61"
    },
    {
      "pc": "0x00007ff6fa760c51",
      "symbol": "v8::internal::interpreter::JumpTableTargetOffsets::iterator::operator=+1665"
    },
    {
      "pc": "0x00007ff6faf74ddd",
      "symbol": "v8::internal::SetupIsolateDelegate::SetupHeap+546637"
    },
    {
      "pc": "0x00007ff6fafafdf2",
      "symbol": "v8::internal::SetupIsolateDelegate::SetupHeap+788322"
    },
    {
      "pc": "0x00007ff6faf607a3",
      "symbol": "v8::internal::SetupIsolateDelegate::SetupHeap+463123"
    },
    {
      "pc": "0x00007ff6faef9d8c",
      "symbol": "v8::internal::SetupIsolateDelegate::SetupHeap+42748"
    },
    {
      "pc": "0x00007ff6faef9d8c",
      "symbol": "v8::internal::SetupIsolateDelegate::SetupHeap+42748"
    },
    {
      "pc": "0x00007ff6faf906e9",
      "symbol": "v8::internal::SetupIsolateDelegate::SetupHeap+659545"
    },
    {
      "pc": "0x00007ff6faef9d8c",
      "symbol": "v8::internal::SetupIsolateDelegate::SetupHeap+42748"
    },
    {
      "pc": "0x00007ff6faef9d8c",
      "symbol": "v8::internal::SetupIsolateDelegate::SetupHeap+42748"
    },
    {
      "pc": "0x00007ff6faef9d8c",
      "symbol": "v8::internal::SetupIsolateDelegate::SetupHeap+42748"
    },
    {
      "pc": "0x00007ff6faef9d8c",
      "symbol": "v8::internal::SetupIsolateDelegate::SetupHeap+42748"
    },
    {
      "pc": "0x00007ff6faf906e9",
      "symbol": "v8::internal::SetupIsolateDelegate::SetupHeap+659545"
    },
    {
      "pc": "0x00007ff6faef9d8c",
      "symbol": "v8::internal::SetupIsolateDelegate::SetupHeap+42748"
    },
    {
      "pc": "0x00007ff6faef9d8c",
      "symbol": "v8::internal::SetupIsolateDelegate::SetupHeap+42748"
    },
    {
      "pc": "0x00007ff6faef9d8c",
      "symbol": "v8::internal::SetupIsolateDelegate::SetupHeap+42748"
    },
    {
      "pc": "0x00007ff6faef9d8c",
      "symbol": "v8::internal::SetupIsolateDelegate::SetupHeap+42748"
    },
    {
      "pc": "0x00007ff6faef9d8c",
      "symbol": "v8::internal::SetupIsolateDelegate::SetupHeap+42748"
    },
    {
      "pc": "0x00007ff6faf86fcc",
      "symbol": "v8::internal::SetupIsolateDelegate::SetupHeap+620860"
    },
    {
      "pc": "0x00007ff6faef9d8c",
      "symbol": "v8::internal::SetupIsolateDelegate::SetupHeap+42748"
    },
    {
      "pc": "0x00007ff6faef9d8c",
      "symbol": "v8::internal::SetupIsolateDelegate::SetupHeap+42748"
    },
    {
      "pc": "0x00007ff6faef9d8c",
      "symbol": "v8::internal::SetupIsolateDelegate::SetupHeap+42748"
    },
    {
      "pc": "0x00007ff6faef30bc",
      "symbol": "v8::internal::SetupIsolateDelegate::SetupHeap+14892"
    },
    {
      "pc": "0x00007ff6faef9d8c",
      "symbol": "v8::internal::SetupIsolateDelegate::SetupHeap+42748"
    },
    {
      "pc": "0x00007ff6faef30bc",
      "symbol": "v8::internal::SetupIsolateDelegate::SetupHeap+14892"
    },
    {
      "pc": "0x00007ff6faef9d8c",
      "symbol": "v8::internal::SetupIsolateDelegate::SetupHeap+42748"
    },
    {
      "pc": "0x00007ff6faef9d8c",
      "symbol": "v8::internal::SetupIsolateDelegate::SetupHeap+42748"
    },
    {
      "pc": "0x00007ff6faef30bc",
      "symbol": "v8::internal::SetupIsolateDelegate::SetupHeap+14892"
    },
    {
      "pc": "0x00007ff6faef9d8c",
      "symbol": "v8::internal::SetupIsolateDelegate::SetupHeap+42748"
    },
    {
      "pc": "0x00007ff6faef30bc",
      "symbol": "v8::internal::SetupIsolateDelegate::SetupHeap+14892"
    },
    {
      "pc": "0x00007ff6faef9d8c",
      "symbol": "v8::internal::SetupIsolateDelegate::SetupHeap+42748"
    },
    {
      "pc": "0x00007ff6faef30bc",
      "symbol": "v8::internal::SetupIsolateDelegate::SetupHeap+14892"
    },
    {
      "pc": "0x00007ff6faef9d8c",
      "symbol": "v8::internal::SetupIsolateDelegate::SetupHeap+42748"
    },
    {
      "pc": "0x00007ff6faf24a33",
      "symbol": "v8::internal::SetupIsolateDelegate::SetupHeap+218019"
    },
    {
      "pc": "0x00007ff6faf49392",
      "symbol": "v8::internal::SetupIsolateDelegate::SetupHeap+367874"
    },
    {
      "pc": "0x00007ff6faf16f2d",
      "symbol": "v8::internal::SetupIsolateDelegate::SetupHeap+161949"
    },
    {
      "pc": "0x00007ff6faef71ac",
      "symbol": "v8::internal::SetupIsolateDelegate::SetupHeap+31516"
    },
    {
      "pc": "0x00007ff6faa37cc0",
      "symbol": "v8::internal::Execution::CallWasm+1536"
    },
    {
      "pc": "0x00007ff6faa37db3",
      "symbol": "v8::internal::Execution::CallWasm+1779"
    },
    {
      "pc": "0x00007ff6faa38192",
      "symbol": "v8::internal::Execution::TryCall+354"
    },
    {
      "pc": "0x00007ff6faa1a1a5",
      "symbol": "v8::internal::MicrotaskQueue::RunMicrotasks+501"
    },
    {
      "pc": "0x00007ff6faaddbe0",
      "symbol": "v8::internal::Builtins::builtin_handle+323456"
    },
    {
      "pc": "0x00007ff6faadd127",
      "symbol": "v8::internal::Builtins::builtin_handle+320711"
    },
    {
      "pc": "0x00007ff6faadd468",
      "symbol": "v8::internal::Builtins::builtin_handle+321544"
    },
    {
      "pc": "0x00007ff6faadd26e",
      "symbol": "v8::internal::Builtins::builtin_handle+321038"
    },
    {
      "pc": "0x00007ff6faf74edd",
      "symbol": "v8::internal::SetupIsolateDelegate::SetupHeap+546893"
    },
    {
      "pc": "0x00007ff6faef9d8c",
      "symbol": "v8::internal::SetupIsolateDelegate::SetupHeap+42748"
    },
    {
      "pc": "0x00007ff6faef72c1",
      "symbol": "v8::internal::SetupIsolateDelegate::SetupHeap+31793"
    },
    {
      "pc": "0x00007ff6faef6eac",
      "symbol": "v8::internal::SetupIsolateDelegate::SetupHeap+30748"
    },
    {
      "pc": "0x00007ff6faa37c33",
      "symbol": "v8::internal::Execution::CallWasm+1395"
    },
    {
      "pc": "0x00007ff6faa375b6",
      "symbol": "v8::internal::Execution::Call+182"
    },
    {
      "pc": "0x00007ff6fab0862d",
      "symbol": "v8::Function::Call+605"
    },
    {
      "pc": "0x00007ff6fa38f982",
      "symbol": "node::CallbackScope::~CallbackScope+770"
    },
    {
      "pc": "0x00007ff6fa38fc44",
      "symbol": "node::CallbackScope::~CallbackScope+1476"
    },
    {
      "pc": "0x00007ff6fa388d33",
      "symbol": "v8::internal::interpreter::BytecodeNode::operand_scale+179"
    },
    {
      "pc": "0x00007ff6fa30faa3",
      "symbol": "v8::base::CPU::has_sse+23475"
    },
    {
      "pc": "0x00007ff6fa3056b3",
      "symbol": "v8::internal::Scope::locals+205491"
    },
    {
      "pc": "0x00007ff6fa3c0577",
      "symbol": "uv_timer_stop+775"
    },
    {
      "pc": "0x00007ff6fa3bd03b",
      "symbol": "uv_async_send+331"
    },
    {
      "pc": "0x00007ff6fa3bc7dc",
      "symbol": "uv_loop_init+1212"
    },
    {
      "pc": "0x00007ff6fa3bc9a4",
      "symbol": "uv_run+244"
    },
    {
      "pc": "0x00007ff6fa2dad43",
      "symbol": "v8::internal::Scope::locals+31043"
    },
    {
      "pc": "0x00007ff6fa33a3d3",
      "symbol": "node::Start+275"
    },
    {
      "pc": "0x00007ff6fa1e67ac",
      "symbol": "RC4_options+339628"
    },
    {
      "pc": "0x00007ff6fb02be08",
      "symbol": "v8::internal::SetupIsolateDelegate::SetupHeap+1296248"
    },
    {
      "pc": "0x00007ffaca4e13f2",
      "symbol": "BaseThreadInitThunk+34"
    },
    {
      "pc": "0x00007ffacca454f4",
      "symbol": "RtlUserThreadStart+52"
    }
  ],
  "javascriptHeap": {
    "totalMemory": 2153730048,
    "totalCommittedMemory": 2153730048,
    "usedMemory": 2097643192,
    "availableMemory": 78943728,
    "memoryLimit": 2197815296,
    "heapSpaces": {
      "read_only_space": {
        "memorySize": 262144,
        "committedMemory": 262144,
        "capacity": 32808,
        "used": 32808,
        "available": 0
      },
      "new_space": {
        "memorySize": 33554432,
        "committedMemory": 33554432,
        "capacity": 16759296,
        "used": 1348024,
        "available": 15411272
      },
      "old_space": {
        "memorySize": 1295400960,
        "committedMemory": 1295400960,
        "capacity": 1278877616,
        "used": 1276189704,
        "available": 2687912
      },
      "code_space": {
        "memorySize": 4362240,
        "committedMemory": 4362240,
        "capacity": 3685920,
        "used": 3685920,
        "available": 0
      },
      "map_space": {
        "memorySize": 7344128,
        "committedMemory": 7344128,
        "capacity": 4218480,
        "used": 4218480,
        "available": 0
      },
      "large_object_space": {
        "memorySize": 812183552,
        "committedMemory": 812183552,
        "capacity": 811623968,
        "used": 811623968,
        "available": 0
      },
      "code_large_object_space": {
        "memorySize": 622592,
        "committedMemory": 622592,
        "capacity": 544288,
        "used": 544288,
        "available": 0
      },
      "new_large_object_space": {
        "memorySize": 0,
        "committedMemory": 0,
        "capacity": 16759296,
        "used": 0,
        "available": 16759296
      }
    }
  },
  "resourceUsage": {
    "userCpuSeconds": 2559.28,
    "kernelCpuSeconds": 75.515,
    "cpuConsumptionPercent": 180.465,
    "maxRss": 2351378432,
    "pageFaults": {
      "IORequired": 9372347,
      "IONotRequired": 0
    },
    "fsActivity": {
      "reads": 7383,
      "writes": 7
    }
  },
  "libuv": [
  ],
  "environmentVariables": {
    "=C:": "C:\\Users\\user\\Desktop\\AngularProjects\\auctionFX",
    "ALLUSERSPROFILE": "C:\\ProgramData",
    "APPDATA": "C:\\Users\\user\\AppData\\Roaming",
    "BROWSERSLIST_IGNORE_OLD_DATA": "1",
    "CHROME_CRASHPAD_PIPE_NAME": "\\\\.\\pipe\\crashpad_3028_TQINUKVJGXEJMLHY",
    "CommonProgramFiles": "C:\\Program Files\\Common Files",
    "CommonProgramFiles(x86)": "C:\\Program Files (x86)\\Common Files",
    "CommonProgramW6432": "C:\\Program Files\\Common Files",
    "COMPUTERNAME": "OZITECH2",
    "ComSpec": "C:\\Windows\\system32\\cmd.exe",
    "dp0": "C:\\Users\\user\\AppData\\Roaming\\npm\\",
    "FP_NO_HOST_CHECK": "NO",
    "HOMEDRIVE": "C:",
    "HOMEPATH": "\\Users\\user",
    "LOCALAPPDATA": "C:\\Users\\user\\AppData\\Local",
    "LOGONSERVER": "\\\\OZITECH2",
    "NUMBER_OF_PROCESSORS": "4",
    "ORIGINAL_XDG_CURRENT_DESKTOP": "undefined",
    "OS": "Windows_NT",
    "Path": "C:\\Program Files\\Python37\\Scripts\\;C:\\Program Files\\Python37\\;C:\\Windows\\system32;C:\\Windows;C:\\Windows\\System32\\Wbem;C:\\Windows\\System32\\WindowsPowerShell\\v1.0\\;C:\\Program Files\\Microsoft VS Code\\bin;C:\\Program Files\\nodejs\\;C:\\Program Files\\Git\\cmd;C:\\ProgramData\\ComposerSetup\\bin;C:\\Program Files\\Python37\\Scripts\\;C:\\Program Files\\Python37\\;C:\\Windows\\system32;C:\\Windows;C:\\Windows\\System32\\Wbem;C:\\Windows\\System32\\WindowsPowerShell\\v1.0\\;C:\\Program Files\\Microsoft VS Code\\bin;C:\\Program Files\\nodejs\\;C:\\Program Files\\Git\\cmd;C:\\Users\\user\\AppData\\Roaming\\npm;c:\\users\\user\\flutter\\bin;C:\\xampp\\php;C:\\Users\\user\\AppData\\Roaming\\Composer\\vendor\\bin",
    "PATHEXT": ".COM;.EXE;.BAT;.CMD;.VBS;.VBE;.JSE;.WSF;.WSH;.MSC;.PY;.PYW",
    "PROCESSOR_ARCHITECTURE": "AMD64",
    "PROCESSOR_IDENTIFIER": "Intel64 Family 6 Model 78 Stepping 3, GenuineIntel",
    "PROCESSOR_LEVEL": "6",
    "PROCESSOR_REVISION": "4e03",
    "ProgramData": "C:\\ProgramData",
    "ProgramFiles": "C:\\Program Files",
    "ProgramFiles(x86)": "C:\\Program Files (x86)",
    "ProgramW6432": "C:\\Program Files",
    "PROMPT": "$P$G",
    "PSModulePath": "C:\\Windows\\system32\\WindowsPowerShell\\v1.0\\Modules\\",
    "PUBLIC": "C:\\Users\\Public",
    "SESSIONNAME": "Console",
    "SystemDrive": "C:",
    "SystemRoot": "C:\\Windows",
    "TEMP": "C:\\Users\\user\\AppData\\Local\\Temp",
    "TMP": "C:\\Users\\user\\AppData\\Local\\Temp",
    "USERDOMAIN": "OZITECH2",
    "USERDOMAIN_ROAMINGPROFILE": "OZITECH2",
    "USERNAME": "user",
    "USERPROFILE": "C:\\Users\\user",
    "WEBPACK_DEV_SERVER": "true",
    "windir": "C:\\Windows",
    "TERM_PROGRAM": "vscode",
    "TERM_PROGRAM_VERSION": "1.51.1",
    "LANG": "en_US.UTF-8",
    "COLORTERM": "truecolor",
    "VSCODE_GIT_IPC_HANDLE": "\\\\.\\pipe\\vscode-git-dd3a1d5b74-sock",
    "GIT_ASKPASS": "c:\\Program Files\\Microsoft VS Code\\resources\\app\\extensions\\git\\dist\\askpass.sh",
    "VSCODE_GIT_ASKPASS_NODE": "C:\\Program Files\\Microsoft VS Code\\Code.exe",
    "VSCODE_GIT_ASKPASS_MAIN": "c:\\Program Files\\Microsoft VS Code\\resources\\app\\extensions\\git\\dist\\askpass-main.js",
    "_prog": "node"
  },
  "sharedObjects": [
    "C:\\Program Files\\nodejs\\node.exe",
    "C:\\Windows\\SYSTEM32\\ntdll.dll",
    "C:\\Windows\\system32\\KERNEL32.DLL",
    "C:\\Windows\\system32\\KERNELBASE.dll",
    "C:\\Windows\\SYSTEM32\\dbghelp.dll",
    "C:\\Windows\\system32\\WS2_32.dll",
    "C:\\Windows\\SYSTEM32\\IPHLPAPI.DLL",
    "C:\\Windows\\system32\\PSAPI.DLL",
    "C:\\Windows\\SYSTEM32\\USERENV.dll",
    "C:\\Windows\\system32\\ADVAPI32.dll",
    "C:\\Windows\\system32\\USER32.dll",
    "C:\\Windows\\system32\\CRYPT32.dll",
    "C:\\Windows\\SYSTEM32\\bcrypt.dll",
    "C:\\Windows\\SYSTEM32\\WINMM.dll",
    "C:\\Windows\\system32\\msvcrt.dll",
    "C:\\Windows\\system32\\NSI.dll",
    "C:\\Windows\\system32\\RPCRT4.dll",
    "C:\\Windows\\SYSTEM32\\WINNSI.DLL",
    "C:\\Windows\\SYSTEM32\\profapi.dll",
    "C:\\Windows\\SYSTEM32\\sechost.dll",
    "C:\\Windows\\system32\\GDI32.dll",
    "C:\\Windows\\system32\\MSASN1.dll",
    "C:\\Windows\\SYSTEM32\\WINMMBASE.dll",
    "C:\\Windows\\system32\\SspiCli.dll",
    "C:\\Windows\\SYSTEM32\\cfgmgr32.dll",
    "C:\\Windows\\SYSTEM32\\DEVOBJ.dll",
    "C:\\Windows\\system32\\IMM32.DLL",
    "C:\\Windows\\system32\\MSCTF.dll",
    "C:\\Windows\\SYSTEM32\\powrprof.dll",
    "C:\\Windows\\SYSTEM32\\CRYPTBASE.DLL",
    "C:\\Windows\\SYSTEM32\\bcryptPrimitives.dll",
    "C:\\Windows\\system32\\uxtheme.dll",
    "C:\\Windows\\SYSTEM32\\combase.dll",
    "C:\\Windows\\system32\\mswsock.dll",
    "C:\\Windows\\SYSTEM32\\dhcpcsvc6.DLL",
    "C:\\Windows\\SYSTEM32\\dhcpcsvc.DLL",
    "C:\\Windows\\system32\\napinsp.dll",
    "C:\\Windows\\system32\\pnrpnsp.dll",
    "C:\\Windows\\system32\\NLAapi.dll",
    "C:\\Windows\\SYSTEM32\\DNSAPI.dll",
    "C:\\Windows\\System32\\winrnr.dll",
    "C:\\Windows\\system32\\wshbth.dll",
    "C:\\Windows\\System32\\rasadhlp.dll",
    "C:\\Windows\\System32\\fwpuclnt.dll"
  ]
}