
{
  "header": {
    "reportVersion": 1,
    "event": "Allocation failed - JavaScript heap out of memory",
    "trigger": "FatalError",
    "filename": "report.20201209.163035.6060.0.001.json",
    "dumpEventTime": "2020-12-09T16:30:35Z",
    "dumpEventTimeStamp": "1607527835438",
    "processId": 6060,
    "cwd": "C:\\Users\\user\\Desktop\\AngularProjects\\auctionFX",
    "commandLine": [
      "node",
      "C:\\Users\\user\\AppData\\Roaming\\npm\\\\node_modules\\@angular\\cli\\bin\\ng",
      "serve",
      "--open"
    ],
    "nodejsVersion": "v12.16.1",
    "wordSize": 64,
    "arch": "x64",
    "platform": "win32",
    "componentVersions": {
      "node": "12.16.1",
      "v8": "7.8.279.23-node.31",
      "uv": "1.34.0",
      "zlib": "1.2.11",
      "brotli": "1.0.7",
      "ares": "1.15.0",
      "modules": "72",
      "nghttp2": "1.40.0",
      "napi": "5",
      "llhttp": "2.0.4",
      "http_parser": "2.9.3",
      "openssl": "1.1.1d",
      "cldr": "35.1",
      "icu": "64.2",
      "tz": "2019c",
      "unicode": "12.1"
    },
    "release": {
      "name": "node",
      "lts": "Erbium",
      "headersUrl": "https://nodejs.org/download/release/v12.16.1/node-v12.16.1-headers.tar.gz",
      "sourceUrl": "https://nodejs.org/download/release/v12.16.1/node-v12.16.1.tar.gz",
      "libUrl": "https://nodejs.org/download/release/v12.16.1/win-x64/node.lib"
    },
    "osName": "Windows_NT",
    "osRelease": "6.3.9600",
    "osVersion": "Windows 8.1",
    "osMachine": "x86_64",
    "cpus": [
      {
        "model": "Intel(R) Core(TM) i5-6200U CPU @ 2.30GHz",
        "speed": 2400,
        "user": 6889343,
        "nice": 0,
        "sys": 1876984,
        "idle": 18936671,
        "irq": 88500
      },
      {
        "model": "Intel(R) Core(TM) i5-6200U CPU @ 2.30GHz",
        "speed": 2400,
        "user": 6626796,
        "nice": 0,
        "sys": 1816328,
        "idle": 19259671,
        "irq": 195468
      },
      {
        "model": "Intel(R) Core(TM) i5-6200U CPU @ 2.30GHz",
        "speed": 2400,
        "user": 7272890,
        "nice": 0,
        "sys": 1808562,
        "idle": 18621343,
        "irq": 27468
      },
      {
        "model": "Intel(R) Core(TM) i5-6200U CPU @ 2.30GHz",
        "speed": 2400,
        "user": 7305000,
        "nice": 0,
        "sys": 1514578,
        "idle": 18883218,
        "irq": 25187
      }
    ],
    "networkInterfaces": [
      {
        "name": "Wi-Fi",
        "internal": false,
        "mac": "44:85:00:6d:f2:09",
        "address": "fe80::74ee:8d00:9cf4:4ec2",
        "netmask": "ffff:ffff:ffff:ffff::",
        "family": "IPv6",
        "scopeid": 6
      },
      {
        "name": "Wi-Fi",
        "internal": false,
        "mac": "44:85:00:6d:f2:09",
        "address": "192.168.8.105",
        "netmask": "255.255.255.0",
        "family": "IPv4"
      },
      {
        "name": "Loopback Pseudo-Interface 1",
        "internal": true,
        "mac": "00:00:00:00:00:00",
        "address": "::1",
        "netmask": "ffff:ffff:ffff:ffff:ffff:ffff:ffff:ffff",
        "family": "IPv6",
        "scopeid": 0
      },
      {
        "name": "Loopback Pseudo-Interface 1",
        "internal": true,
        "mac": "00:00:00:00:00:00",
        "address": "127.0.0.1",
        "netmask": "255.0.0.0",
        "family": "IPv4"
      }
    ],
    "host": "OZITECH2"
  },
  "javascriptStack": {
    "message": "No stack.",
    "stack": [
      "Unavailable."
    ]
  },
  "nativeStack": [
    {
      "pc": "0x00007ff7921319f9",
      "symbol": "std::basic_ostream<char,std::char_traits<char> >::operator<<+10873"
    },
    {
      "pc": "0x00007ff792135e1c",
      "symbol": "std::basic_ostream<char,std::char_traits<char> >::operator<<+28316"
    },
    {
      "pc": "0x00007ff792134dd8",
      "symbol": "std::basic_ostream<char,std::char_traits<char> >::operator<<+24152"
    },
    {
      "pc": "0x00007ff7922334cb",
      "symbol": "v8::base::CPU::has_sse+38363"
    },
    {
      "pc": "0x00007ff792a49f4e",
      "symbol": "v8::Isolate::ReportExternalAllocationLimitReached+94"
    },
    {
      "pc": "0x00007ff792a32021",
      "symbol": "v8::SharedArrayBuffer::Externalize+833"
    },
    {
      "pc": "0x00007ff7928fe57c",
      "symbol": "v8::internal::Heap::EphemeronKeyWriteBarrierFromCode+1436"
    },
    {
      "pc": "0x00007ff7929097d0",
      "symbol": "v8::internal::Heap::ProtectUnprotectedMemoryChunks+1312"
    },
    {
      "pc": "0x00007ff7929062f4",
      "symbol": "v8::internal::Heap::PageFlagsAreConsistent+3204"
    },
    {
      "pc": "0x00007ff7928fbb13",
      "symbol": "v8::internal::Heap::CollectGarbage+1283"
    },
    {
      "pc": "0x00007ff7928fa184",
      "symbol": "v8::internal::Heap::AddRetainedMap+2452"
    },
    {
      "pc": "0x00007ff79291b4ab",
      "symbol": "v8::internal::Factory::NewFixedArrayWithFiller+107"
    },
    {
      "pc": "0x00007ff79291b431",
      "symbol": "v8::internal::Factory::NewUninitializedFixedArray+65"
    },
    {
      "pc": "0x00007ff7927f81ff",
      "symbol": "v8::debug::Script::GetIsolate+7631"
    },
    {
      "pc": "0x00007ff7926a824a",
      "symbol": "v8::internal::interpreter::JumpTableTargetOffsets::iterator::operator=+162938"
    },
    {
      "pc": "0x00007ff792e94ddd",
      "symbol": "v8::internal::SetupIsolateDelegate::SetupHeap+546637"
    },
    {
      "pc": "0x000000dfa6a465de",
      "symbol": ""
    }
  ],
  "javascriptHeap": {
    "totalMemory": 2167648256,
    "totalCommittedMemory": 2167648256,
    "usedMemory": 2134230832,
    "availableMemory": 43836248,
    "memoryLimit": 2197815296,
    "heapSpaces": {
      "read_only_space": {
        "memorySize": 262144,
        "committedMemory": 262144,
        "capacity": 32808,
        "used": 32808,
        "available": 0
      },
      "new_space": {
        "memorySize": 16777216,
        "committedMemory": 16777216,
        "capacity": 8379648,
        "used": 4101040,
        "available": 4278608
      },
      "old_space": {
        "memorySize": 1311653888,
        "committedMemory": 1311653888,
        "capacity": 1296241432,
        "used": 1295230480,
        "available": 1010952
      },
      "code_space": {
        "memorySize": 4624384,
        "committedMemory": 4624384,
        "capacity": 3768416,
        "used": 3768416,
        "available": 0
      },
      "map_space": {
        "memorySize": 6819840,
        "committedMemory": 6819840,
        "capacity": 4233520,
        "used": 4233520,
        "available": 0
      },
      "large_object_space": {
        "memorySize": 826888192,
        "committedMemory": 826888192,
        "capacity": 826320280,
        "used": 826320280,
        "available": 0
      },
      "code_large_object_space": {
        "memorySize": 622592,
        "committedMemory": 622592,
        "capacity": 544288,
        "used": 544288,
        "available": 0
      },
      "new_large_object_space": {
        "memorySize": 0,
        "committedMemory": 0,
        "capacity": 8379648,
        "used": 0,
        "available": 8379648
      }
    }
  },
  "resourceUsage": {
    "userCpuSeconds": 2538.38,
    "kernelCpuSeconds": 55.906,
    "cpuConsumptionPercent": 171.353,
    "maxRss": 2347159552,
    "pageFaults": {
      "IORequired": 6935424,
      "IONotRequired": 0
    },
    "fsActivity": {
      "reads": 7384,
      "writes": 5
    }
  },
  "libuv": [
  ],
  "environmentVariables": {
    "=C:": "C:\\Users\\user\\Desktop\\AngularProjects\\auctionFX",
    "ALLUSERSPROFILE": "C:\\ProgramData",
    "APPDATA": "C:\\Users\\user\\AppData\\Roaming",
    "BROWSERSLIST_IGNORE_OLD_DATA": "1",
    "CHROME_CRASHPAD_PIPE_NAME": "\\\\.\\pipe\\crashpad_4144_TUTPCACESOSLLRCV",
    "CommonProgramFiles": "C:\\Program Files\\Common Files",
    "CommonProgramFiles(x86)": "C:\\Program Files (x86)\\Common Files",
    "CommonProgramW6432": "C:\\Program Files\\Common Files",
    "COMPUTERNAME": "OZITECH2",
    "ComSpec": "C:\\Windows\\system32\\cmd.exe",
    "dp0": "C:\\Users\\user\\AppData\\Roaming\\npm\\",
    "FP_NO_HOST_CHECK": "NO",
    "HOMEDRIVE": "C:",
    "HOMEPATH": "\\Users\\user",
    "LOCALAPPDATA": "C:\\Users\\user\\AppData\\Local",
    "LOGONSERVER": "\\\\OZITECH2",
    "NUMBER_OF_PROCESSORS": "4",
    "ORIGINAL_XDG_CURRENT_DESKTOP": "undefined",
    "OS": "Windows_NT",
    "Path": "C:\\Program Files\\Python37\\Scripts\\;C:\\Program Files\\Python37\\;C:\\Windows\\system32;C:\\Windows;C:\\Windows\\System32\\Wbem;C:\\Windows\\System32\\WindowsPowerShell\\v1.0\\;C:\\Program Files\\Microsoft VS Code\\bin;C:\\Program Files\\nodejs\\;C:\\Program Files\\Git\\cmd;C:\\ProgramData\\ComposerSetup\\bin;C:\\Program Files\\Python37\\Scripts\\;C:\\Program Files\\Python37\\;C:\\Windows\\system32;C:\\Windows;C:\\Windows\\System32\\Wbem;C:\\Windows\\System32\\WindowsPowerShell\\v1.0\\;C:\\Program Files\\Microsoft VS Code\\bin;C:\\Program Files\\nodejs\\;C:\\Program Files\\Git\\cmd;C:\\Users\\user\\AppData\\Roaming\\npm;c:\\users\\user\\flutter\\bin;C:\\xampp\\php;C:\\Users\\user\\AppData\\Roaming\\Composer\\vendor\\bin",
    "PATHEXT": ".COM;.EXE;.BAT;.CMD;.VBS;.VBE;.JSE;.WSF;.WSH;.MSC;.PY;.PYW",
    "PROCESSOR_ARCHITECTURE": "AMD64",
    "PROCESSOR_IDENTIFIER": "Intel64 Family 6 Model 78 Stepping 3, GenuineIntel",
    "PROCESSOR_LEVEL": "6",
    "PROCESSOR_REVISION": "4e03",
    "ProgramData": "C:\\ProgramData",
    "ProgramFiles": "C:\\Program Files",
    "ProgramFiles(x86)": "C:\\Program Files (x86)",
    "ProgramW6432": "C:\\Program Files",
    "PROMPT": "$P$G",
    "PSModulePath": "C:\\Windows\\system32\\WindowsPowerShell\\v1.0\\Modules\\",
    "PUBLIC": "C:\\Users\\Public",
    "SESSIONNAME": "Console",
    "SystemDrive": "C:",
    "SystemRoot": "C:\\Windows",
    "TEMP": "C:\\Users\\user\\AppData\\Local\\Temp",
    "TMP": "C:\\Users\\user\\AppData\\Local\\Temp",
    "USERDOMAIN": "OZITECH2",
    "USERDOMAIN_ROAMINGPROFILE": "OZITECH2",
    "USERNAME": "user",
    "USERPROFILE": "C:\\Users\\user",
    "WEBPACK_DEV_SERVER": "true",
    "windir": "C:\\Windows",
    "TERM_PROGRAM": "vscode",
    "TERM_PROGRAM_VERSION": "1.51.1",
    "LANG": "en_US.UTF-8",
    "COLORTERM": "truecolor",
    "VSCODE_GIT_IPC_HANDLE": "\\\\.\\pipe\\vscode-git-dd3a1d5b74-sock",
    "GIT_ASKPASS": "c:\\Program Files\\Microsoft VS Code\\resources\\app\\extensions\\git\\dist\\askpass.sh",
    "VSCODE_GIT_ASKPASS_NODE": "C:\\Program Files\\Microsoft VS Code\\Code.exe",
    "VSCODE_GIT_ASKPASS_MAIN": "c:\\Program Files\\Microsoft VS Code\\resources\\app\\extensions\\git\\dist\\askpass-main.js",
    "_prog": "node"
  },
  "sharedObjects": [
    "C:\\Program Files\\nodejs\\node.exe",
    "C:\\Windows\\SYSTEM32\\ntdll.dll",
    "C:\\Windows\\system32\\KERNEL32.DLL",
    "C:\\Windows\\system32\\KERNELBASE.dll",
    "C:\\Windows\\SYSTEM32\\dbghelp.dll",
    "C:\\Windows\\system32\\WS2_32.dll",
    "C:\\Windows\\SYSTEM32\\IPHLPAPI.DLL",
    "C:\\Windows\\system32\\PSAPI.DLL",
    "C:\\Windows\\SYSTEM32\\USERENV.dll",
    "C:\\Windows\\system32\\ADVAPI32.dll",
    "C:\\Windows\\system32\\USER32.dll",
    "C:\\Windows\\system32\\CRYPT32.dll",
    "C:\\Windows\\SYSTEM32\\bcrypt.dll",
    "C:\\Windows\\SYSTEM32\\WINMM.dll",
    "C:\\Windows\\system32\\msvcrt.dll",
    "C:\\Windows\\system32\\NSI.dll",
    "C:\\Windows\\system32\\RPCRT4.dll",
    "C:\\Windows\\SYSTEM32\\WINNSI.DLL",
    "C:\\Windows\\SYSTEM32\\profapi.dll",
    "C:\\Windows\\SYSTEM32\\sechost.dll",
    "C:\\Windows\\system32\\GDI32.dll",
    "C:\\Windows\\system32\\MSASN1.dll",
    "C:\\Windows\\SYSTEM32\\WINMMBASE.dll",
    "C:\\Windows\\system32\\SspiCli.dll",
    "C:\\Windows\\SYSTEM32\\cfgmgr32.dll",
    "C:\\Windows\\SYSTEM32\\DEVOBJ.dll",
    "C:\\Windows\\system32\\IMM32.DLL",
    "C:\\Windows\\system32\\MSCTF.dll",
    "C:\\Windows\\SYSTEM32\\powrprof.dll",
    "C:\\Windows\\SYSTEM32\\CRYPTBASE.DLL",
    "C:\\Windows\\SYSTEM32\\bcryptPrimitives.dll",
    "C:\\Windows\\system32\\uxtheme.dll",
    "C:\\Windows\\SYSTEM32\\combase.dll",
    "C:\\Windows\\system32\\mswsock.dll",
    "C:\\Windows\\SYSTEM32\\dhcpcsvc6.DLL",
    "C:\\Windows\\SYSTEM32\\dhcpcsvc.DLL",
    "C:\\Windows\\system32\\napinsp.dll",
    "C:\\Windows\\system32\\pnrpnsp.dll",
    "C:\\Windows\\system32\\NLAapi.dll",
    "C:\\Windows\\SYSTEM32\\DNSAPI.dll",
    "C:\\Windows\\System32\\winrnr.dll",
    "C:\\Windows\\system32\\wshbth.dll",
    "C:\\Windows\\System32\\rasadhlp.dll",
    "C:\\Windows\\System32\\fwpuclnt.dll"
  ]
}